contextID,citationID,CITATIONS_CONTEXTS,UTILIZE_LABELS,CUE_WORDS,CUE_HUMAN,CUE_SUBJECT,CUE_QUANTITY,CUE_FREQUENCY,CUE_TENSE,CUE_EXAMPLE,CUE_SUGGEST,CUE_HEDGE,CUE_IDEA,CUE_BASIS,CUE_COMPARE,CUE_RESULT,CUE_ALGORITHM,CUE_MODEL,CUE_ALGOCLASS,CUE_USE,CUE_EXTEND,CUE_PROPOSE,CUE_EXPLAIN,CUE_ALGOKEY,CUE_DOCELKEY,CUE_PREP,USAGE_LABELS,CUE_WORDS_2
1809173,1915365,"minates, a new seed is placed within the bundle and a new ber is advected. As de ned in Equation 2, the advection method for the bers is accomplished using a simple fourth-order Runge-Kutta algorithm <cite>. To maintain the coherence of the bers, they must be advected in lock-step. This is important because as bers die o , they have to be re-seeded according to the distribution of the other bers in the",NOTUTILIZE,for at of in use our algo equation run method algorithm on us using here,,algorithm,,,,,,,,,,,algorithm method,,equation,using,,,,algorithm,algorithm,for in of,MENTION,using
29908809,30604721,"e an important category if we would like to explore different kinds of mammals. To show the difference between typicality analysis and clustering analysis, we apply the k-medoids clustering algorithm <cite> to the Zoo data set. We first compute the 10 clusters of the Zoo data set. The median animals of the clusters are {Starfish, Boar, Lark, Tuatara, Dolphin, Flea, Bass, Mink, Scorpion, Hare}. The group",UTILIZE,of typical us show in differ algo between would analysis apply on we at algorithm,we,algorithm we,,,,,would,,,apply,,,algorithm,,analysis,apply,,,show,algorithm,algorithm,between of,USE,show apply
30522897,31235696,"vitable for tasks whose domains are not well understood. The impact of features is particularly significant for the class of instance-based learning algorithms, such as the nearest neighbor algorithm <cite> , in which the distance function is very sensitive to the quality of features. How to improve the quality of features has been one of the critical issues concerned in the field of instance-based lear",NOTUTILIZE,for learning of significant in on algo can table algorithms we such as at algorithm,,algorithm,,,,,,,,,significant,,algorithm,,learning,,,,,algorithm,algorithm,for in of,MENTION,
45673045,44790120,ound by random sampling. We can nd all regular polygons with high probability in O(n 2+?+? ) expected time for every positive ?. This compares well to the O(n 2+2?+? ) deterministic algorithm of Bra? <cite>. 1 Introduction The focus of this study is on the detection of regular structure in point sets. Our motivation comes from observations that have been published concerning extraordinary symmetries in,NOTUTILIZE,for of in us our structure algo compare focus can on we at algorithm,we our,algorithm we our,,,,,can,,,,,,algorithm,structure,,,,,focus,algorithm,algorithm,for in of on,MENTION,focus
56602802,55932864,"recursively: = P i|i?1Hi (1.51) ) 2 |r1:i?1 ] + Pni + Pni = H T i P i|i?1Hi + Pni (1.52) Ki = P i|i?1Hi H T i P i|i?1Hi + Pni (1.53) This gain shares similarities with the gain of the LSTD algorithm <cite> (equation (1.19)), which is not a surprise. The LSTD is based on a least-squares minimization (however with the introduction of instrumental variables in order to handle stochastic transitions), and",NOTUTILIZE,of in based on algo equation on we at algorithm,,algorithm,,,,,,,,,,,algorithm,,,,,,,algorithm,algorithm,on in of,MENTION,
82280241,79777622,"nts with the normalized range and detection of vowels accordingly. 3.1 Formant Estimation For formant estimation, methods based on linear prediction analysis (LPC) have received considerable attention<cite>. Root finding algorithms are employed to find the zeros of the LPC polynomial, or local maxima of the LPC envelope are searched using peak-picking techniques. The steps described below are followed t",NOTUTILIZE,of describe techniques algo method methods described we in technique at using for based on analysis on us algorithms algorithm,,,,,,,,,,,,,algorithms methods,,analysis,using,,,described,,,for of on,NOTALGO,described using
83923211,81129622,"m spanning tree and Delaunay triangulation problems in linear expected time. The details of these algorithms, together with some of the applications areas in which they arise, are discussed by Shamos <cite>. All of the results that we have described so far are valid only for point sets drawn uniformly on the unit square; the algorithms can easily be adapted to work for many known distributions of points",NOTUTILIZE,result of describe algo some can described we many in adapted at for adapt algorithms us on algorithm problem problems,we,we,some many,,,,can,,,,,,algorithms,,problems,,adapted,,described,,,for in of on,MENTION,adapted described
85666390,82586579,"cessing in to remove undesirable small parts of the skeleton. Smoothing and removing undesirable small parts of the skeleton is done using our distance step and is very similar to techniques shown in <cite>, where the scale is also an input in the algorithm. To conclude with the use of morphological techniques, the skeletal description we are looking for corresponds to the needed of an accurate basis fo",NOTUTILIZE,for at of in us use our techniques algo similar to technique here show shown on we using algorithm,we our,we our,,,,,,,,use,,,,techniques,,use using,,,shown,,,for in of,MENTION,shown use using
3392864,3495687,"ions which are similar to this are often used in evolutionary strategies and evolutionary programming [BS93].&quot; We took up this suggestion and combined it with the HCwL algorithm from Kvasnicka et<cite>. The resulting SHCLVND algorithm is related to Evolutionsstrategien and -- similar to HCwL -- does not store information as parents in a population 3 . HCwL stores it as vector of probabilities, but",UTILIZE,for result of in us suggest on use algo similar to often we at algorithm,we,algorithm we,,often,,,,,,,,,algorithm,,,,,,,algorithm,algorithm,in of,USE,
8274135,8702308,"unification was on developing algorithms that compute a most general unifier for unification problems with constants [5, 14, 13], or finite complete sets of unifiers for general unification problems <cite>. Of course, such algorithms can also be used to decide solvability of a given unification problem. However, the complexity of a decision procedure obtained this way need not be optimal. In fact, to t",NOTUTILIZE,of way use our develop algo can we most in at for procedure on us algorithms algorithm problem problems,,,most,,,,can,,,,,,algorithms procedure,,problems way,,,,,procedure,procedure,for in of on,NOTALGO,
26175691,26904772,"large latency variations for a large set of destination nodes [31]. Therefore, to further improve the S-torus algorithm, Robinson et al. proposed the multi-phase multicast routing algorithm: M-torus <cite>. The idea was to shorten the path lengths of the multi-destination worms to stabilize the latency variations and to achieve better performance by partitioning the multicast group. They introduced two",NOTUTILIZE,for performance proposed introduced of in idea algo introduce propose algorithm on us at here,,,,,,,,,idea,,,performance,,,,,,proposed,introduced,,,for of,MENTION,proposed introduced
29786804,30473144,correct mappings between couples of ontologies. It exploits an algorithm used for word sense disambiguation originally proposed by Michael Lesk [16] and adapted by Satanjeev Banerjee and Ted Pedersen <cite>. The obtained alignment is then post-processed in order to further refine it by finding semantic inconsistencies. The paper is organised in the following way: Section 2 provides some background knowl,NOTUTILIZE,of way use algo some propose we in adapted at for following adapt on us algorithm proposed between paper,,algorithm paper,some,,,,,,following,,,,algorithm,,,,adapted,proposed,,algorithm,algorithm,between for in of,MENTION,adapted proposed
54461524,53974291,"ssociations extracted from biomedical abstracts by text mining. Several computational algorithms have been developed to computationally predict target genes/sites of miRNAs, such as PITA [12], PicTar <cite>, TargetScan [14] and miRanda [15]. Patterns of gene silencing induced by miRNA are achieved by mRNA degradation or translational inhibition [16]. Several transcription profiling studies of miRNA tran",NOTUTILIZE,translation extracted from several of in on develop algo extract can algorithms such as at algorithm,,,several,,,,,,,,,,algorithms,,,,,,,,,of,MENTION,
56242982,55611930,"was done when the author was writing his thesis at Saarland University and Max-Planck Institute for Informatics.2 Han, Rosenhahn, Weickert, Seidel offsets, efficient and easy to implement. Borgefors <cite> improved the Chamfer matching by using a more reasonable confidence measure and embedding the basic algorithm into a resolution pyramid, which has reduced the computational cost significantly. A rece",NOTUTILIZE,for at measure significant us in of algo into when can on we using algorithm,,algorithm,,,,,,,,measure,,,algorithm,,,using,,,,algorithm,algorithm,for when at into,MENTION,using
57840589,57115847,"the road network is dense. For this reason, many methods have been embedded to the algorithm to make it faster. To sum up these enhancement methods we will put them into categories as it was cited in <cite> as follows: Shortest-?path with Bi-?directed search: In this approach as it was illustrated in [76], [77] the search starts from both positions start and end, at the same time. Thus, the scanning t",NOTUTILIZE,for at approach us in on algo into will can method methods we many algorithm,we,algorithm we,many,,,,will,,,,,,algorithm approach methods,,,,,,,algorithm,algorithm,for in at into,MENTION,
65601037,64375006,"thogonal projection of w0 onto the convex set ?K as n ? ?, and w n converges to the solution of (9). 4 How to minimize the energies with graphcuts 4.1 Principle Greig, Portehous and Seheult proved in <cite> that discrete energy minimization can be exactly performed. Graphcuts have been introduced in computer vision by Y. Boykov and his collaborators in [8] as an algorithm for this type of minimization.",NOTUTILIZE,for introduced of in algo introduce can on us at algorithm,,algorithm,,,,,can,,,,,,algorithm,,,,,,introduced,algorithm,algorithm,for in of,MENTION,introduced
2335645,2470266,"h deadlines on a processor have been studied extensively in the literature. A typical example is the earliest deadline first (EDF) algorithm, which has been widely used in many real-time systems (see <cite> for a survey). From a theoretical viewpoint, EDF is optimal for scheduling underloaded systems, i.e., whenever there exists a schedule meeting the deadlines of all jobs released, EDF can always do so",NOTUTILIZE,for at of typical in way use algo system when can ways algorithm on us systems many here,,,many,typical,,,can,,,,,,,systems,,,,,,,,for in of on,MENTION,
2506906,2635784,eight-map and merges triangles based on the visible error in screenspace. The method cleverly avoids T-meshes and cracks in the surface by propagating triangle splits and merges in the height-map. In <cite> the method originally developed in [Lindstrom96] was extended with a rapid geomorphing algorithm in order to avoid vertex popping. Hoppe also applied geomorphing to terrains in [Hoppe98]. This geomor,NOTUTILIZE,extend based on in develop applied algo extended method on at algorithm,,algorithm,,,,,,,,,,,algorithm method,,,applied,extended,,,algorithm,algorithm,on in,MENTION,extended applied
2827098,2947387,"13 temporal relations defined by Allen [1] the number of solving rules which lead to an arc consistent CSP contains over 26000 rules. This is, obviously, too large to generate by hand. Apt and Monfroy<cite> describe an algorithm which automatically generates these rules for small finite domains. In the case of the Allen relations, the table provided by Allen ([1] page 836) is used as input for the algor",NOTUTILIZE,number of for of in describe use algo provided by table on us at algorithm,,algorithm table,,,,,,,,,,,algorithm,,,,,describe,describe,algorithm,algorithm table,for in of,MENTION,describe
3204937,3305147,"etry, e.g. in context of robot motion planning algorithms [6] when d = 2; 3. Figure 2 illustrates the Minkowski sum of two polygons in R 2 . This section describes the principles of the algorithms of <cite> used above to compute Minkowski sums of polytopes, and illustrates their role in Theorem 1 using the case of M = 2. It is not hard to see that the Minkowski sum S of k polytopes is a polytope, in fac",NOTUTILIZE,figure at of in describe on use algo describes when algorithms us e.g. using algorithm,,figure,,,,e.g.,,,,,,,algorithms,,,using,,describes,describes,,figure,when in of,MENTION,describes using
4292291,4437050,"cale compression algorithm that kept the spectral and pitch content intact across different compression ratios. The time-scale algorithm used was based on a modified form of a phase-vocoder algorithm <cite> and produced artifact-free compression of the speech sentences (Fig. 1). Onsets were aligned for different sentences and compressions, with data acquisition triggered on a pulse marking sentence onse",NOTUTILIZE,for fig. of in based on us use differ algo on we at algorithm,,algorithm,,,,,,,,,,,algorithm,,,,,,,algorithm,algorithm,for of on,MENTION,
4845685,5009932,"e, -optimal strategies provide the transparent interface to the optimizer. We use our model to analyze conventional pipelining execution strategies, as given in [8] and DTE, a data parallel algorithm <cite>. DTE outperforms PE in most cases significantly. However, it is not yet -optimal: in typical skew situations, some processors may become overloaded while others remain idle. We present DTE/R an impro",NOTUTILIZE,use our algo some model can outperform we most typical in at for significant on us algorithm may present,we our,algorithm we our,most some,typical,,,may,,,use,,,algorithm,model,,use,,present,present,algorithm,algorithm,in,MENTION,use present
5423094,5606974,rious message sizes and numbers of destination nodes in a 2 5 \Theta 2 5 torus with 5 Table 1. Comparison of multicast costs in a 2 n \Theta 2 n torus under the one-port model. algorithms a g U-torus <cite> dlog 2 jDm je dlog 2 jDm je NP-UT 2 d +2d \Gamma1 +minfdlog 2 jDm je; 2(n\Gammad)g 2+ minfdlog 2 jDm je;2(n\Gammad)g+d \Gamma2 2 d Figure 7. The multicast latency ratio of the Utorus scheme to our NP,NOTUTILIZE,figure of in on our algo model table scheme algorithms us at algorithm,our,figure table our,,,,,,,,,,,algorithms,scheme,,,,,,,figure table,in of,MENTION,
8766468,9244640,"parallel Supported by Xunta de Galicia XUGA10502B94 given that the semantics of the language guarantees that no interference among them can arise. This is the sort of parallelism that Jones and Hudak <cite> call implicit parallelism. Algorithms are written in a declarative way without taking care of the execution model. Thus, the expressions to evaluate have to be scheduled by the compiler in both time",NOTUTILIZE,of in way on evaluate algo model can algorithms us at algorithm,,,,,,,can,,,evaluate,,,algorithms,,way,,,,,,,in of,MENTION,
8825052,9309696,"lot, forwards processor's 7 data in the second time-slot, and so on. Contention for memory is avoided because a processor always accesses the same memory. This is the well-known daisy chain algorithm <cite>. 4 Scheduling Multicast Communication Neither of the solutions proposed in Section 3 is adequate when data must be written into the memories of some but not all of the processors. If the set of proce",NOTUTILIZE,for proposed of in us way use algo into some when propose ways on we at algorithm,,algorithm,some,,,,,,,,,,algorithm,,,,,proposed,,algorithm,algorithm,for of into when in,MENTION,proposed
10876753,11602392,"simple Euler scheme has proven sufficient in our experiments. Of course, we could resort to higher-order schemes, such as the total-variation diminishing Runge-Kutta scheme of third order devised in <cite>. 3.3.4 Overview of the algorithm For sake of clarity, we give an overview of our implementation of LSPC in Algorithm 1 below. Algorithm 1 Algorithm for level sets with a point correspondence for all",NOTUTILIZE,for of schemes in our algo could devise run scheme devised on we such as at algorithm,we our,algorithm we our,,,,,could,,,,,,algorithm,scheme,,,,devised,,algorithm,algorithm,for in of,MENTION,devised
10970604,11712851,"gh space overhead. The suffix tree in MUMmer, e.g. uses 37n bytes of memory, where n is the input length (Delcher et al., 1999), although with careful implementation, this can be reduced to 8n. AVID (<cite>) handles mismatches and gaps by using a variant of the Smith–Waterman algorithm once the anchors have been selected with the help of suffix trees. CHAOS (Brudno and Morgenstern, 2002) indexes k-mers",NOTUTILIZE,index at of in use algo can uses algorithm on us e.g. using here,,algorithm,,,,e.g.,can,,,,,,algorithm,,,uses using,,,,algorithm,algorithm,in of,MENTION,uses using
11070790,11817447,"algorithm failed to detect. They accomplished this through a novel approach to providing an EM algorithm with a good starting point (seed). Probably the best tools for finding consensus based motifs (<cite>) are the pattern-driven algorithms (Brazma et al., 1998) that test all 4 l l-letter patterns, score each pattern by the number of approximate occurrences in the sample (or by a more involved function",NOTUTILIZE,number of for of approach in on algo algorithms us at algorithm,,algorithm,,,,,,,,,,,algorithms algorithm approach,,,,,,,algorithm,algorithm,for in of,MENTION,
11294455,12066583,"there are clearly many coexisting levels of design: we share many capabilities with organisms that evolved much earlier, but we can control, modulate, and deploy those abilities in far more ways (cf. <cite>). 4. Architectures not algorithms It is argued in [18] that the search for powerful explanatory architectures is more important than the search for algorithms. Figure 2 indicates very loosely a sketc",NOTUTILIZE,figure for at of in way on algo early can ways algorithm algorithms we many here,we,figure we,many,,,,can,,,,,,algorithms,,ways,,,,,,figure,for in of,NOTALGO,
11319433,12094391,"lgorithms on Turing machines have been devised too. Fischer and Paterson [8] give a linear-time off-line Turing-machine algorithm for finding all initial palindromes in a string. Finally, Galil [10], <cite> describes a real-time (that is, on line, but in between reading two symbols from the input string constant time is spent) multitape Turing-machine algorithm finding all initial palindromes in a strin",NOTUTILIZE,for of in describe algo between devise describes devised on we at algorithm,,algorithm,,,,,,,,,,,algorithm,,,,,devised describes,describes,algorithm,algorithm,between for in on,MENTION,describes devised
13780287,14785480,"y many researchers. The Color ICP algorithm [4] uses not only the pure 3D information but also the color information in searching corresponding point pairs. The ICP algorithm using Invariant Features <cite> uses Euclidean invariant features like curvature and moment invariants. In this paper, we propose a new ICP based method using the normal vectors of the 3D points as well as the 3D position of every",NOTUTILIZE,for we at of in idea use algo this paper using uses propose paper method on us many algorithm,we,algorithm we,many,,,,,,,,,,algorithm method,,,uses using,,propose,,algorithm,algorithm,in of,MENTION,uses using propose
16226141,17354221,"assumption and have a narrow scope of applicability. Recently, several techniques have concentrated on reducing the computational complexity of eigen-decomposition based methods: Pesaventosand Haardt <cite> presented a real-valued variant of Root-MUSIC based on the unitary transformation. Lineborge [35] developed several efficient algorithms for real value singular value decomposition (SVD). In this cha",NOTUTILIZE,several of develop techniques algo recent method methods in technique at for based on algorithms us on algorithm presented recently present,,,several,,,,,,,,,,algorithms,techniques,,,,presented,presented,,,for in of on,MENTION,presented
16840181,17984570,"the packet arrivals and energy replenishment. Most solutions proposed in the energy-aware routing literature incorporate certain measures of nodal residual energy, and therefore are dynamic in nature <cite>. For example, in [5,9,10,18], algorithms have been presented to optimize the lifetime of the network. These algorithms can be viewed as different attempts to combine the elements of two routing appro",NOTUTILIZE,of differ algo can propose we most in at for example for measure on algorithms here algorithm proposed presented present,,,most,,,,can,,,,,,algorithms,,,,,proposed presented,presented,,,for in of,MENTION,proposed presented
18132750,19320213,"rmance of a learner using filtered features is very sensitive to the score criterion of the ranking technique. In order to avoid this situation, HYCLA adopts what has been called the wrapper approach <cite>, [13], in which final feature selection depends on the inductive algorithm used. When a learner receives a feature set, it carries out the following tasks: 1. Empirical learning ?? Feature selection.",NOTUTILIZE,learning at of approach in following use learner algo technique when on us using algorithm,,algorithm,,,,,,,following,,,,algorithm approach,,learner learning,using,,,,algorithm,algorithm,on when in of,MENTION,using
20236538,21460650,given tables. Dennis Peters has prepared a tool that generates test oracles from tabular program specifications [15]. The transformation algorithms discussed above have been implemented by Hong Shen <cite> to provide a prototype tool that assists designers in transforming tables. Much work remains to be done in finding transformation algorithms which are simple and also produce compact transformed tabl,NOTUTILIZE,for in on algo table algorithms us at algorithm,,,,,,,,,,,,,algorithms,,,,,,,,,in,MENTION,
27347025,28054391,"ly valid states than feasible (reachable) states in the planning task. This is not necessarily problematic – for example, a planning algorithm based on forward search, such as Hoffmann and Nebel’s FF <cite>, will never encounter any of the infeasible states, so there is no obvious advantage to the finite-domain representation. However, a number of other planning approaches do benefit significantly from",NOTUTILIZE,number of of algo can we such as in approaches presentation at for example for significant based on approach will on us here algorithm problem present,,algorithm,,,,,will,,,,,,algorithm approaches,,,,,,,algorithm,algorithm,for in of on,MENTION,
28410508,29127858,"proposed to synergistically apply various automated transformation algorithms to simplify and decompose complex problems into simpler problems which may be solved with exponentially lesser resources <cite>. However, little prior research has addressed the applicability of various transformation algorithms in the presence of constraints. Additionally, in some cases prior research lacks optimality, and d",NOTUTILIZE,of our algo some propose apply we in prior at for on us algorithms algorithm proposed problem may problems into,,,some,,prior,,may,,,apply,,,algorithms,,problems,apply,,proposed,,,,in of into,MENTION,proposed apply
28422319,29139461,"necessary. Online Algorithms. Online algorithms have a long history (see, e.g., [11, 21]), and there have been many attempts to relax the strict worst-case notion of competitive analysis: see, e.g., <cite> and the references therein. Online algorithms with stochastic inputs (either i.i.d. draws from some distribution, or inputs arriving in random order) have been studied, e.g., in the context of optimi",NOTUTILIZE,at of in on algo some analysis algorithm algorithms e.g. many here,,,some many,,,,,,,,,,algorithms,,,,,,,,,in of,MENTION,
30668817,31377804,"a variety of different sorts of morphological information. 1. Introduction In computer vision, a variety of algorithms have been developed that generate the so-called “skeleton” of a depicted object <cite>[2][3][4][5][6][7][8][9][10][11]. One way to define the skeleton of an object is as the set of centres of the maximal discs that can fit inside that object while touching two or more points on its bou",NOTUTILIZE,for variety of in way on develop differ algo can algorithms at algorithm,,,variety,,,,can,,,,,,algorithms,,way,,,,,,,on in of,MENTION,
38103066,36771908,"he subgraph induced by |S|. Thus, we may assume that |S| ? OPT1, and hence equation (1) yields r1 ? 1 + rSt. In particular, a ratio of r1 ? 25/9 < 2.78 is possible using the Steiner tree algorithm of <cite>. Observe that r1 to be minimized in equation (1) is of a special nature, and in fact a bound r1 ? 2.46 has been shown [Ha]. 3 Approximating the tour cover The problem we discuss in this section is a",NOTUTILIZE,at of in us problem may our equation algo shown show possible on we using algorithm,we,algorithm we,,,,,may,possible,,,,,algorithm,,problem equation,using,,,shown,algorithm,algorithm,in of,MENTION,shown using
38707666,37312038,"map on the space of differentials. A normalized isogeny is an isogeny ?: E ? E ? for which ? ? (?E ?) = ?E where ?E denotes the invariant differential of E. Algorithm 1 (identical to Algorithm 4.1 in <cite>) evaluates, up to automorphisms of E, the unique normalized horizontal isogeny of degree ? corresponding to a given kernel ideal L ? O?. The following theorem, taken verbatim from [4], shows that the",NOTUTILIZE,for of in idea following evaluate differ algo shows show algorithm on at here,,algorithm,,,,,,,following,,,,algorithm,,,,,,shows,algorithm,algorithm,for in of on,MENTION,shows
39535520,38090413,"e computed in (d log n/?) O(1) time and n1/?O(1) space, as summarized in [25]. The problem however remains challenging for general metrics, such as those commonly used in many scientific applications <cite>. The efficiency or accuracy of approximate nearest-neighbors algorithms is typically reduced when general metrics are used instead of Euclidean distances [25]. A distinctive feature of hcDPES in cont",NOTUTILIZE,of use algo we such as many accuracy commonly typical in common at for idea when algorithms us on algorithm problem typically,,,many,commonly typically,,,,,,,,accuracy,algorithms,,problem,,,,,,,for when in of,MENTION,
39578248,38134879,"utation mechanism where the recommended strategy is a Nash equilibrium that survives iterated deletion of weakly-dominated strategies. These results can be viewed as steps in the program advocated in <cite> of unifying the strategic model and computational model in distributed algorithmic mechanism design. Our work is related to [15], but uses a different solution concept. The rest of this paper is orga",NOTUTILIZE,result of use our differ algo model can we in at this paper uses on us here algorithm mechanism paper,our,paper our,,,,,can,,,,,,,mechanism model,,uses,,,,,,in of,MENTION,uses
59857727,59192062,"ength; as far as we know this is the first example in Q of this kind. 2 Extension of the coefficient field Several algorithms for decomposing univariate rational functions are known, see for instance <cite> and [1]. In all cases, the complexity of the algorithm grows enormously when the coefficient field is extended. A natural question about decomposition is whether it depends on the coefficient field,",NOTUTILIZE,for we several of extend us in on algo extended when extension algorithms for instance at algorithm,we,algorithm we,several,,,,,,,,,,algorithms algorithm,,,,extension,,,algorithm,algorithm,on for of when in,MENTION,extension
65869573,64638942,"diagnosis [1] and effective monitoring of therapies in retinopathy [2]. Alotof research has been focused on the development of algorithms and strategies for the extraction of the retinal vessel tree <cite>, especially with respect to the accuracy required for more precise and repeatable diagnostic methods. Among other techniques, active contours have been shown as a flexible tool for vessel extraction,",NOTUTILIZE,of use our techniques develop algo focus method methods accuracy in technique focused table at for show algorithms us on algorithm shown extract,,,,,,,,,,,,accuracy,algorithms,,,,,,focused shown,,,for in of on,MENTION,shown focused
82893095,80240207,"nd we isolate real roots as soon as we approximate them within less than b/2. Effective solution algorithms rely on Continued Fractions (see below), having highly competitive implementation in synaps <cite> and its descendant realroot, a package of mathemagix, on the Descartes’ rule of signs, and the Sturm or Sturm–Habicht sequences. Theorem 3.2 The rational algorithms discussed in the sequel isolate al",NOTUTILIZE,of in us on algo algorithms we at algorithm,we,we,,,,,,,,,,,algorithms,,,,,,,,,on in of,MENTION,
84379705,81509772,of Maximum Pairs Orientation admits a solution D such that |P[D]| ? |P|/(4logn).Furthermore Gamzu et al. [7] show that Maximum Pairs Orientation admits an O(logn/loglogn)-approximation algorithm. In <cite> it is shown that k Pairs Orientation is fixed parameter tractable 4 when parameterized by the maximum number of pairs that can be connected via one node. They posed an open question if the problem is,NOTUTILIZE,number of of in problem algo when can show shown on table at algorithm,,,,,,,can,,,,,,,,problem,,,,show shown,,,when in of,MENTION,shown show
7115230,7439361,"we had to initially use a \\best estimate&quot; of the gradient a0. Thus, there is no guarantee how our implementation of this algorithm would work, even on the same problem class as that posed in [22]<cite>sets from [22] are labeled \\SC&quot; while those from [21] are labeled \\MC&quot;. We present a summary of the test problems in Table 1. The numbers in the second column are the problem set numbers as",NOTUTILIZE,of in us problem use our algo present would table here problems on we at algorithm,we our,algorithm table we our,,,,,would,,,use,,,algorithm,,problem problems,use,,present,present,algorithm,algorithm table,on in of,NOTALGO,use present
7660272,8016411,"speed, while P 7 through P 13 were crippled. Figure 5.5 compares the results of using the hcgm Linear-Partition algorithm and then sorting locally against the results obtained by standard Sample Sort <cite>. The test sorts a list of 2:5 \\Delta 10 6 integers, using the LEDA implementation of quicksort as the local sorting function. In both cases, the input is initially distributed in a load balanced mann",UTILIZE,figure result at of in us algo compare on we using algorithm,,figure algorithm,,,,,,,,,,,algorithm,,,using,,,,algorithm,figure algorithm,in of,USE,using
18032745,19219398,"manceofthepB + -tree on the Itanium 2 processor, focusing on various implementation choices and their effect on performance. 1. INTRODUCTION Modern computers are based on the von Neumann architecture <cite>, which separates the processing unit (CPU) and storage (main-memory). The trend in the last two decades has been that CPU speed is increasing at a rate of about 60% per year, whereas main-memory spee",NOTUTILIZE,for performance at of in based on focus on us using here,,,,,,,,,,,,,,,,,,,,,,on in at of,NOTALGO,
39729812,38274395,"iption we use two functions, namely Minimum _HP(G) and Minimum_1PC(G,u): the function Minimum_HP(G) corresponds to the algorithm for computing a minimum path cover of an interval graph G described in <cite>, while Minimum_1PC(G,u) corresponds to the algorithm for computing a minimum path cover with specified endpoint u of an interval graph G described in this paper. Algorithm HP_BICONVEX Input: a biconv",UTILIZE,for we described of in describe use algo this paper paper on us at algorithm,we,algorithm we,,,,,,,,use,,,algorithm,,,use,,,described,algorithm,algorithm,for in of,USE,described use
190951764,168158603,"y using the following observations: (i) NO, SH, NS are correct, (ii) the class of theories CSI is closed under disjoint union, and (iii) the class SH is contained in CSI. Similar results are given in <cite>. As an additional remark, we mention the possibility of refining the abstract inference systems presented here with strategies as done in [10], so to get a more fine-grained rule-based implementation",NOTUTILIZE,result at of in us presented following system present systems on we using here,we,here we,,,,,,,following,,,,,systems,,using,,presented,presented,,,in of,NOTALGO,presented using
4236173,4378670,"e d(c i ; c j ) as an independent random integer x, 0sxs10 6 . Here and in what follows, &quot;random&quot; actually means pseudorandom, using an implementation of the shift register random number gen<cite>. For these instances it is known that both the optimal tour length and the AP lower bound approach a constant (the same constant) as N ! 1. The rate of approach appears to be faster if the upper boun",NOTUTILIZE,for at of approach us in our on we using here,,here,,,,,,,,,,,approach,,,using,,,,,,for in of,MENTION,using
10001597,10616350,"n of the sequence. Fig. 1. Regular or red refinement of a tetrahedron We use an algorithm which combines regular (red) and irregular (green) mesh refinement as introduced for 2D meshes by Bank et al. <cite> and its extension to three dimensional tetrahedral meshes of Bey [2] and Go Ong [8]. These refinement algorithms are carried out in three steps. First, a refinement rule for a single element has to b",UTILIZE,for introduced fig. of in us on use algo introduce extension algorithms we algorithm,we,algorithm we,,,,,,,,use,,,algorithms algorithm,,,use,extension,,introduced,algorithm,algorithm fig.,for in of,USE,extension use introduced
10760054,11464380,"d, and can instead focus on problems unique to that community. Using XML also provides a common basis for interoperability that can easily leverage techniques such as semantic mediation [12] and XSLT <cite>, and assist with automated provenance management. Finally, by building libraries for formats such as netCDF, HDF5, GRIB, and others on a common BXSA implementation, they can avoid duplicating code fo",NOTUTILIZE,for at in problem techniques common technique focus can problems on us such as using,,,,common,,,can,,,,,,,techniques,problems,using,,,focus,,,for on,MENTION,focus using
14787654,15858048,"ection we present our algorithm, Algorithm learn boxes, which learns unions of n-dimensional boxes over infinite domains. The algorithm gets a labeled sample and uses the algorithm learn sensitive of <cite> to produce a hypothesis consistent with the sample. We then extend the hypothesis to ?n in a way that the VC-dimension of the extended hypotheses is small. The details of learn sensitive are not impo",UTILIZE,of extend us in consistent with way use our algo extended uses present on we at algorithm,we our,algorithm we our,,,,,,,,extend,,,algorithm,,way,uses,extended extend,present,present,algorithm,algorithm,in of,USE,extended extend uses present
6835904,7144983,"they do not give a solution to Atomic Broadcast, we think that it will be straightforward to extend their solution of Consensus to Prefix Agreement and thus to Atomic Broadcast. F. Cristian et al. in <cite> propose an Atomic Broadcast Algorithm, called On-demand atomic broadcast. Their algorithm tolerates crash, omission and performance failures and has good performance with bursts of messages. Their sy",NOTUTILIZE,for performance of extend us in algo will propose on we at algorithm,we,algorithm we,,,,,will,,,extend,,performance,algorithm,,,,extend,propose,,algorithm,algorithm,in of,MENTION,extend propose
11526607,12320699,"the input string and may even loop. To solve this problem, in this section we extend the S 2 and S 1 tabulation techniques to the case of bidirectional push-down automata. 5.1 The S 2 framework From <cite> we know that extensions of push-down automata can be tabulated by using S 2 items storing the two elements on the top of the configuration stack. In the case of BPDA, S 2 items are of the form [B, i,",UTILIZE,for at of extend us problem in may techniques technique can framework extension on we using,we,we,,,,,may can,,,extend,,,,techniques framework,,using,extend,,,,,on in of,EXTEND,extend using
34509726,34447221,"are distinguishable (which they are not in [5]). 4 Security Models 4.1 Chosen Plaintext Security We begin by extending the usual left-or-right (LOR) indistinguishability game for a CPA adversary from <cite> to handle stateful encryption and leakage of length information. This extension is only needed at intermediate steps in our security analysis, while we are primarily interested in the security of the",UTILIZE,for of extend us models in extending our model analysis extension on we at,we our,we our,,,,,,,,,,,,models,,,extension extending,,,,,for in at of,EXTEND,extending extension
40312438,38845825,"We have also extended the results of [50] to the case of partial observation in order to handle more realistic applications [41]. Symbolic algorithms have also be developped and implemented in Sigali <cite> 4. Application Domains 4.1. Panorama Keywords: Telecommunication, control-command Systems, smart-cards, software embedded systems, transportation systems. The methods and tools developed by the VERTE",NOTUTILIZE,result of extend in on develop algo extended system method methods algorithms we systems at algorithm,we,we,,,,,,,,,,,algorithms methods,,,,extended,,,,,in of,NOTALGO,extended
46023531,45212561,"epathy game with c = 8. However we will see that H is a pseudo-telepathy game with c = 12.3 A protocol with probability 1 using QFT In this section we extend the protocol by Brassard, Cleve and Tapp <cite>. Their protocol employs the quantum Hadamard transform while our protocol employs the quantum Fourier transform (QFT) with any order, which can be exactly done as shown by Mosca and Zalka [10]. We de",NOTUTILIZE,for at extend us in our will can protocol shown on we using show,we our,we our,,,,,will can,,,extend,,,protocol,,,using,extend,,shown,,,in,NOTALGO,shown extend using
56028459,55414353,"t the length of the longest wrapper chain is minimized. We have developed two faster heuristic approaches to produce near-optimal solutions. These two models extend the bin design method presented in <cite> for 2D wrapper design. The first heuristic presented is less close to optimality but faster for cores with many scan-chains, while the second heuristic is slower for cores with many scan-chains but p",UTILIZE,for of extend approach approaches models presented in develop model can present method on we many,we,we,many,,,,,,,extend,,,method approaches,models,,,extend,presented,presented,,,for in of,EXTEND,presented extend
57102561,56437196,"eme. We have extended the wrapper task approach to the flexible RAPM framework. The detailed discussion of the algorithm is omitted due to space limitations and the interested readers are referred to <cite> for more details. However, we would like to emphasize that the dynamic slack reclamation through the management of wrapper tasks will not cause any timing constraint violation. 6 Simulation Results a",UTILIZE,for result of extend us approach in use algo extended will would framework on we at algorithm,we,algorithm we,,,,,will would,,,,,,algorithm approach,,,,extended,,,algorithm,algorithm,for of,EXTEND,extended
74113219,72907302,"consider here. As an aside, our paper gives results in the explicit scenarios model: it would be interesting to extend results to cases where exponentially many scenarios can be handed, e.g., like in <cite>. Bicriteria results for robust versions of profit maximization k-location problems (e.g., locating k depots such that one salesman can start at each of these depots and travel for at most some time b",NOTUTILIZE,result of our some model can e.g. many most extend in at for on us here problem would problems paper,our,paper our,most some many,,,,would can,,,extend,,,,,problems,,extend,,,,,for in at of,NOTALGO,extend
95212648,90246571,"thesmaximum, the minimum or the average value in this range.sSome features are also normalized by speaker.s3.2. Co-TrainingsIn this study we use an extended version of the basic cotraining algorithm <cite>. We use prosodic and lexicalsinformation as two separate views for the sentencessegmentation task. Our co-training approach consists ofsmultiple stages. In the first stage, we train two separatesmode",UTILIZE,for of extend us approach in use our algo some extended on we at algorithm,we our,algorithm we our,,,,,,,,use,,,algorithm approach,,,use,extended,,,algorithm,algorithm,for in of,EXTEND,extended use
171604850,152684621,"l Sciences,sHamadan, IransTel: +98 813 8380466sFax: +98 813 8380208sE-mail:sasadvaisiraygani@kums.ac.ir;smtgoodarzi@yahoo.comsReceived: 7 Sept 2014sAccepted: 18 Nov 2014sAvicenna J Med Biotech 2015; 7<cite>: 50-56sSabokrouh A, et alsAvicenna Journal of Medical Biotechnology, Vol. 7, No. 2, April-June 2015s51 nucleoprotein enzyme and its expression extends telomeres and prevents DNA damage leading to mai",NOTUTILIZE,extends of in extend our on,,,,,,,,,,,,,,,,,extends,,,,,of,NOTALGO,extends
96921834,91577826,"he Black sourcesswere identified as athletes. Though this is one of those stereotypes that appearsflattering, it consists of grouping these minorities into a frame White society has createdsfor them (<cite>).sBoth papers explicitly identified minorities at a significant rate. Whites weresseldom, if ever, identified as White. And, those explicitly identified minorities were moreslikely to be quoted using",NOTUTILIZE,for at of significant us in our can paper on we using into,,,,,,,,,,,significant,,,,,using,,,,,,at of into,NOTALGO,using
49770776,49602682,"see the next section for more evidence). RMD-1 interacts with aurora B kinase It has been proposed that in other organisms, aurora B kinase functions to destabilize incorrectly attached microtubules (<cite>). Indeed, inactivation of aurora B induces multiple chromosome segregation defects in mammalian cells, including unsegregated chromosomes and lagging chromosomes (Kallio et al., 2002). Consistent wit",NOTUTILIZE,for proposed of in some propose on at,,,,,,,,,,,,,,,,,,proposed,,,,for in of,NOTALGO,proposed
5730314,5930658,"n be as low as 10 K for single ropes. Other authors have suggested that this upturn may signal a condensation of the system to form a collective charge- or spin- density wave ground state in the tube <cite>, [9]. However, the observed dependence of this crossover on the sample morphology and quality suggests that disorder or other three-dimensional effects may actually control this low-temperature behav",NOTUTILIZE,for authors of in suggest may system suggests on we at,authors,,,,,,may,,,,,,,system,,,,suggests,,,,for in of on,NOTALGO,suggests
18873396,20068338,"ms that (on the map-theoretical level at least) none of the existing results in regular maps explicitly uses the known faithful linear representations of triangle groups as presented, for example, in <cite>. The main aim of this article is to",NOTUTILIZE,for result of in presented use present presentation presentations uses on us at for example,,,,,,,,,,,,,,,,uses,,,,,,for in at of,NOTALGO,uses
202910239,240978702,"on presented earlier of a small fraction of dimensions (read landmarks) being actually relevant to the learning problem. So, in the second step, we use the Forward Greedy Selection algorithm given in <cite> to learn a sparse predictor. The use of this learning algorithm necessitates the use of a different generalization bound in the final step to complete the utility guarantee given below. We refer the ",UTILIZE,for learning of in us problem presented use differ algo present on we at algorithm,we,algorithm we,,,,,,,,use,,,algorithm,,learning,use,,presented,presented,algorithm,algorithm,on in of,USE,presented use
202818346,240848489,every i  0. All computations are performed on states reachable from a predefined set of initial states. The algorithms described in this work are implemented using symbolic model checking techniques <cite>. Boolean formulas can be constructed from the propositional variables of the model. A formula is said to be satisfied in a state if and only if the assignment of variable values in the state to the c,UTILIZE,for described construct at in of describe on techniques algo constructed technique model can algorithms us using algorithm,,,,,,,can,,,,,,algorithms,techniques model,,using,,constructed,described,,,on in of,USE,described using constructed
202560953,240476003,"nd are easy to interpret. We thus considered each pathway map of the KEGG database as one subnetwork. We then computed the full set of elementary modes inside each of them using a classical algorithm <cite> (Additional data file 1). Because of their combinatorial nature, a number of different elementary modes usually share common reactions along their path. It often occurs that several elementary modes ",UTILIZE,number of several at of in us usually way on use differ algo common often we using algorithm,we,algorithm we,several,often usually common,,,,,,,,,algorithm,,,using,,,,algorithm,algorithm,of,USE,using
202379888,240218054,"ime sewww.josis.org MINING SENSOR DATASETS WITH SPATIOTEMPORAL NEIGHBORHOODS 25 ries that can be used for the purposes of data mining. In this experiment the bottom up segmentation algorithm found in <cite> was used. The piecewise linear approximation algorithm was applied to the mean of the time series for both datasets. Since the temporal intervals are based onmd between two spatial nodes, the differe",UTILIZE,for of in based on us use applied differ algo between can on we at algorithm,,algorithm,,,,,can,,,,,,algorithm,,,applied,,,,algorithm,algorithm,between for in of,USE,applied
202316682,240128303," previous study, we used iterative proportional fitting (IPF), an algorithm applied to hierarchical loglinear models to fit observables and interactions such as such univariate and bivariate marginals<cite>. Though IPF fits the desired marginals, it converges slowly and it does not explicitly calculate or output the fitting parameters. These parameters are important, because in a subsequent study, we us",UTILIZE,models us in use applied algo model previous on we such as at algorithm,we,us algorithm we,,,previous,,,,,,,,algorithm,models,,applied,,,,algorithm,algorithm,in,USE,applied
202268109,240058405,"n be used, such as those that rely on the Bayesian Information Criterion metric to determine k [27]. For this work, we have used EM clustering [9], a distribution-based clustering algorithm. The WEKA <cite> implementation of the EM clustering can determine the number of clusters automatically, which makes it easy to use in our setup, as it avoids having to adjust the number of clusters based on the node",UTILIZE,number of for of in us based on use our algo can on we such as at algorithm,we our,we our,,,,,can,,,use,,,,,,use,,,,,,for in of on,USE,use
202245022,240026024, measurements are then filtered andsEEG features extracted using KDE and GMM as describedsin section II.C. The classification algorithms studied in thisswork are all performed using the WEKA software <cite>. Thesdefault model suggestions of WEKA were implied assclassifier structures.sThe time taken to built the models weresa portion of second; as example the used Bayesian Networkstook 0.02 sec for train,UTILIZE,of describe use algo model described we in classifier structures using at for measure structure classification algorithms us on algorithm models suggest extract,,,,,,,,,,,,,algorithms,models model,classification,using,,,,,,for in of,USE,using
202122274,239850671,e the most straightforward to adapt. We have used an algorithm with an explicit time-integration of the nonlinear terms and where the Stokes operator is inverted using a velocity correction technique <cite>. In our implementation we adapt the ,UTILIZE,for at of in us use our algo technique adapt here most on we using algorithm,we our,algorithm we our,most,,,,,,,,,,algorithm,technique,,using,adapt,,,algorithm,algorithm,in of,USE,adapt using
202000078,239671018," novel burst detection algorithm, which is not the focus in this paper, we use a three-step approach for the detection. First, on each dimension, we employ a Bayesian change point detection algorithm <cite> to fit curves using the time series (other curve fitting algorithms will do the job, too). As an example, we plot the time series along with the fitted curves in Figure 2. We then apply a simple temp",UTILIZE,figure we for approach in on use algo this paper will focus apply paper algorithms us using algorithm,we,algorithm figure we,,,,,will,,,apply use,,,algorithms algorithm approach,,,apply use using,,,focus,algorithm,figure algorithm,for in on,USE,use focus using apply
201764175,239334273,"en the point is declared to be a false neighbor. The FNN strategy is thus to increase the embedding dimension until the percentage of FNN is below a satisfactory threshold. The algorithm presented by <cite> is used for the selection of d. Fig. 2 illustrates the SOI algorithm for the case of an adaptive controller. The time window memory is a sliding window using the last n observation of a state output,",UTILIZE,for fig. at of in presented use algo adapt present on us using algorithm,,algorithm,,,,,,,,,,,algorithm,,,using,,presented,presented,algorithm,algorithm fig.,for of,USE,presented using
507299,541772,"ch that routing delay is minimized. 5 Implementation in List Scheduling Heuristic To perform our network topology exploration experiments, we implemented our techniques in a list scheduling algorithm <cite>. However, our strategies are independent of the scheduling heuristic and can be used in other heuristics such as force-directed scheduling as well. Our list scheduling heuristic uses interconnect inf",UTILIZE,for of in us use our techniques algo technique can uses on we such as at algorithm,we our,algorithm we our,,,,,can,,,,,,algorithm,techniques,,uses,,,,algorithm,algorithm,in of,USE,uses
15979806,17097541,"atterns For our second experiment, we ran three different programs for answering enumeration queries: • streematch is based on the improved linked list representation of suffix trees, as described in <cite>. • mamy is based on suffix arrays and uses the algorithm of [29] with additional buckets to speedup the searches. We used the original program code developed by Gene Myers. • esamatch is based on enh",NOTUTILIZE,of describe use our differ develop algo described we in presentation at for based on uses on us algorithm present,we our,algorithm we our,,,,,,,,,,,algorithm,,,uses,,,described,algorithm,algorithm,for in of on,NOTALGO,described uses
18692135,19882600,"n), which follows from Lemma 2 and the fact that the path-width of a planar graph is O( ? n) (see [2]). This result can also be proved using a variant of the randomised algorithm of Malitz [21] (see <cite>), or the derandomised algorithm of Shahrokhi and Shi [29]. As a final word, we estimate the constants in the O(n) volume bound of Corollary 1. Take a graph G with bounded tree-width tw(G) ? k and bou",NOTUTILIZE,result at of in us algo can on we using algorithm,we,algorithm we,,,,,can,,,,,result,algorithm,,,using,,,,algorithm,algorithm,in of,MENTION,using
28697605,29392616,"as explained below, is that different edge types carry different amounts of authority. Another appropriate domain for authority flow ranking is that of biological data. The Hubs of Knowledge project <cite> applies the PageRank algorithm on a query-dependent subgraph of the original biological graph. Raschid et al. [RWL+06] apply PageRank and ObjectRank to answer navigational queries on biological data.",NOTUTILIZE,for we of explain in explained differ algo apply on applies at algorithm,,algorithm,,,,,,,,apply,,,algorithm,,,applies apply,,explained,,algorithm,algorithm,for of on,MENTION,explained applies apply
56431007,55777508,"is NP-complete and not approximable to any constant. However, themetricvariantofminTSP, wheretheedgeweights ofGc formsametricover the vertex set, is known to be MAXSNP-hard [8]. In fact, Christofides <cite> introduced an elegant approximation algorithm for metric min TSP that produces a solution with approximation factor 3/2. However, almost 3 decades later there still is no approximation algorithm with",NOTUTILIZE,for introduced of in algo introduce here algorithm on we at most,,algorithm,,,,,,,,,,,algorithm,,,,,,introduced,algorithm,algorithm,for in,MENTION,introduced
75677535,74139230,"ave equal codes. 3.3 First Generation As it was shown by Gutin and Karapetyan (2009a) (and we also confirmed it empirically by testing our memetic algorithm with construction heuristics described in (<cite>)), it is beneficial to start any MAP local search or metaheuristic from a Greedy construction heuristic. Thus, we start from running Greedy (we use the same implementation as in (Gutin and Karapetyan",UTILIZE,described construct in us describe use our algo run show shown on we at algorithm,we our,algorithm we our,,,,,,,,use,,,algorithm,,,use,,,described shown,algorithm,algorithm,in,USE,shown described use
85179424,82181580,"ion to execute in a given state. More recent planners to employ determinization that are, in contrast to FF-Replan, successful at dealing with probabilistically interesting problems include RFF-RG/BG <cite>. At the same time, the latter kind of algorithms typically invokes a deterministic planner many117 more times than our techniques do. This forces them to avoid the all-outcomes determinization, as t",NOTUTILIZE,for at of typical in problem typically on our techniques algo recent technique problems algorithms contrast many algorithm,our,our,,typically,recent,,,,,,contrast,,algorithms,techniques,problems,,,,,,,in at of,NOTALGO,
3424901,3528954,"ble from the channel. Koetter and Vardy have recently proposed an algebraic soft-decision decoding algorithm by extending the list decoder of Guruswami and Sudan. The Koetter-Vardy (KV) algorithm [4] <cite>chieve up to about 4 dB of coding gain at a frame-error-rate (FER) of 10 ?3 on a Gaussian noise channel, with a practical range of 1–1.5 dB and gains of 2–7 dB on a Rayleigh fading channel [6].",NOTUTILIZE,proposed of range of extend in extending algo recent recently propose on us at algorithm,,algorithm,,,recently,,,,,,,,algorithm,,,,extending,proposed,,algorithm,algorithm,on at of,MENTION,proposed extending
11483424,12273061,"imizations are based on the idea that the initial network topology will change in time due to mobility and dynamic traffic flows. For our work we implemented a scatternet formation algorithm based on <cite>, given the good performance in reducing the interference of these algorithms. We form scatternets in two phases. In the first phase, nodes execute inquiry and inquiry scan with a probability of ?? an",UTILIZE,for performance of in based on idea on our algo will can algorithms we at algorithm,we our,algorithm we our,,,,,will,,idea,,,performance,algorithm,,,,,,,algorithm,algorithm,for in of on,EXTEND,
12641080,13547829,"er qualities. Single link defines the cluster distance to be the smallest point-wise distance between two clusters, while complete link uses the largest one. A third compared method is normalized cut <cite>, which partitions data into two clusters. We apply the algorithm recursively to produce a top-down hierarchy of 2, 4, 8, 16, 32 and 64 clusters. We also compare with the k-means algorithm, k = 4, 10,",UTILIZE,of in us use algo into between compare uses apply method on we at algorithm,we,algorithm we,,,,,,,,apply,compare,,algorithm method,,,uses apply,,,,algorithm,algorithm,between of into,USE,uses apply
13044075,13986644,"for the sequential and the parallel algorithms has been a positive one. The algorithm itself is much closer to the high-level presentation given here, compared to an earlier Java-based implementation <cite>. Using a tuned BDD library gives us high performance in the sequential case already, exploiting Haskell’s foreign function interface (FFI). GpH as parallel language allows rapid prototyping of differ",NOTUTILIZE,for performance at of in on differ algo compare presentation present algorithm algorithms us using here,,algorithm us,,,,,,,,,differ,performance,algorithms algorithm,,presentation,using,,,,algorithm,algorithm,for in of,MENTION,using
33705697,33788028,1ma in twisted Edwards coordinates and 1M + 1S + (k + 6)m + 5s + 2ma in extended coordinates. 5.3 Miller loop Miller’s algorithm loops over the bits in the representation of n. We follow Hisil et al. <cite> and denote the system of projective Edwards coordinates (X1 : Y1 : Z1) by E and the extended system (X1 : Y1 : Z1 : T1) by E e . If the whole computation is carried out in E e each addition step in t,NOTUTILIZE,of extend in algo extended system presentation present on we at algorithm,we,algorithm we,,,,,,,,,,,algorithm,system,,,extended,,,algorithm,algorithm,in of,NOTALGO,extended
56657261,55983437,"umber of new clauses learned, although some CDCL implementations may learn multiple clauses from one conflict. 2.4.1. The VSIDS Heuristic The VSIDS (Variable State Independent Decaying Sum) heuristic <cite> for choosing the next decision variable in the CDCL algorithm is based on weights of the propositional variables. When the SAT solving process is started, the weight of a variable is initialized to t",NOTUTILIZE,for of in us based on use may algo some when uses on we at algorithm,,algorithm,some,,,,may,,,,,,algorithm,,,,,,,algorithm,algorithm,on for of when in,MENTION,
80784031,78493815,"erating Software (GCOS). The CEL files were imported to GeneSpring GX software (Agilent) for analysis. Three different algorithms were used for data normalization: the Robust Multiarray Average (RMA) <cite>, the Guanine Cytosine RMA (GCRMA) (26), and the Probe Logarithmic Intensity Error (PLIER) estimation (27). Data was filtered by expression, keeping the entities where at least 2 out of 10 samples had",UTILIZE,for of in us on use differ algo entities analysis here algorithms we at algorithm,,,,,,,,,,,,,algorithms,,entities,,,,,,,for at of,USE,
85000415,82041881,A novel simplified linear predictor is developed for this purpose. The objective of the scheme and algorithm is the removal of high-density salt and pepper noise in images. K. Aiswarya et al. (2010) <cite> described a new algorithm to remove high-density salt and pepper noise using modified sheer sorting method. The new algorithm has lower computation time when compared to other standard algorithms. Re,NOTUTILIZE,for described at of in us describe on develop algo compare when scheme method algorithms we using algorithm,,algorithm,,,,,,,,,,,algorithm,scheme,,using,,,described,algorithm,algorithm,for when in of,MENTION,described using
1496902,1585927,"ordered plans with conditional branches for observed uncertainties. Details of the algorithm are in [37]. The ideas from this algorithm are now used in several other planners and algorithms including <cite>. See Section 3.1. 1 Planning Impact Future Subtask Plans Generation Techniques and methods influenced Techniques being extended in other planners such as ARPA--MADE program. [18, 20, 8, 27, 34, 29].",NOTUTILIZE,several of use techniques algo method methods such as extend in technique at for idea on algorithms us algorithm extended,,algorithm,several,,,,,,,,,,algorithms algorithm methods,techniques,,,extended,,,algorithm,algorithm,for in of,MENTION,extended
1651354,1747465,"lgorithm [31, 32, 69], which represents maps by fine-grained grids that model the occupied and free space of the environment. This approach has been used in a great number of robotic systems, such as <cite>. An alternative metric mapping algorithm was proposed by Chatila and Laumond [15], using sets of polyhedra to describe the geometry of environments. Examples of topological approaches include the wor",NOTUTILIZE,number of of describe use algo model propose such as in approaches presents at using approach systems on us algorithm proposed system present,,algorithm,,,,,,,,,,,algorithm approaches approach,model,,using,,proposed describe,describe,algorithm,algorithm,in of,MENTION,describe proposed using
1847279,1957040,"cenario). Fourth, a distributed KLT is presented in the shape of an iterative algorithm. Some evidence of the convergence of this algorithm is presented. A more detailed analysis will be presented in <cite>. This distributed transform has potential applications in sensor networks, distributed databases, surveillance systems and hyper-spectral imagery. A Proof of Theorem 4 Proof of Theorem 4. For the con",NOTUTILIZE,for of in presented our algo some system will analysis present systems on at algorithm,,algorithm,some,,,,will,,,,,,algorithm,systems,analysis,,,presented,presented,algorithm,algorithm,for in of,MENTION,presented
2342851,2477883,"o send ahead large frames which need to be displayed later when there is enough buffer space at the client. There has been considerable research in this area resulting in several smoothing algorithms <cite>. These differ in the optimality condition achieved, and whether they assume that the rate is constrained or the client buffer size is limited. A good comparison of bandwidth smoothing algorithm is gi",NOTUTILIZE,result several of in on differ algo when algorithm algorithms at here,,algorithm,several,,,,,,,,differ,,algorithms algorithm,,,,,,,algorithm,algorithm,when in at of,MENTION,
3314384,3414729,"c algorithm. Details are given in Section 5 together with simulation results. 2 Systolic array computation 2.1 A historic overview The research in the area of systolic arrays began at the end of 70's <cite>. The original motivation behind the systolic array concept was its potential for VLSI implementation. In fact, only a few systolic algorithms have been actually implemented in VLSI chips. The main ob",NOTUTILIZE,for result of in on algo algorithms at algorithm,,,,,,,,,,,,,algorithms,,,,,,,,,for in at of,NOTALGO,
4933451,5099764,"ue final solution could be computed by implementing evidence rules. Algorithm 2 (numeric method): The fourth order polynomial in q given above may be solved by a numeric iterative procedure following <cite>. Here, at first a function f for the iteration q n+1 := f(q n ), n = 0, 1, 2, .... has to be determined, and then in case of the convergence of the sequence {q n } the limit is considered as a soluti",NOTUTILIZE,for of procedure in following may our algo could method algorithm on at here,,algorithm,,,,,could may,,following,,,,algorithm procedure,,,,,,,algorithm procedure,algorithm procedure,for in at of,MENTION,
7486053,7832916,"arly takes O(TNQ F+1 ) time. Now the only constraint on the order in which we add nodes to the frontier is that we add parents before children. 3 The Boyen-Koller algorithm The Boyen-Koller algorithm <cite>presents the belief state, t = P (X t jy 1:t ), as a product of marginals over C \clusters&quot;, P (X t jy 1:t ) Q C c=1 P (X c t jy 1:t ); where X c t is a subset of the variables fX i t g. (The c",NOTUTILIZE,for of in us presents algo here present on we at algorithm,we,algorithm we,,,,,,,,,,,algorithm,,,,,,,algorithm,algorithm,on in of,MENTION,
8834013,9319199,"coarse discretized state-space representation. This compact representation 4 meant learning was fast, but favoured an RL algorithm that did not rely heavily on the Markov assumption; in earlier work (<cite>hown to be well-suited for this domain. The robot was given a set of primitive &quot;reflexes&quot; in the spirit of Rodney Brooks' &quot;subsumption&quot; architecture (Brooks 1991). A leg that is tr",NOTUTILIZE,for learning at of in our algo presentation present on we spirit algorithm,,algorithm,,,,,,,spirit,,,,algorithm,,learning,,,,,algorithm,algorithm,for in of on,NOTALGO,
8879722,9370444,"r input graphs of bounded degree. Our RNC algorithm for the MPS problem has a similar structure to that of Israeli and Itai's RNC algorithm (I&I algorithm, for short) for the maximal matching problem <cite>. Namely, given a graph G, both the I&I algorithm and our algorithm proceeds in stages; in each stage, their main jobs are to compute a random matching M in a certain subgraph of G and to delete (from",NOTUTILIZE,for of in problem structure our algo at algorithm,our,algorithm our,,,,,,,,,,,algorithm,structure,problem,,,,,algorithm,algorithm,for in of,MENTION,
9285673,9826217,"otherwise it is False. Each node has a flag ExecutionFlag. Its function is the same as the one of control flow edges. The full Concurrent Sparse Conditional Constant Propagation algorithm is given in <cite>. Figure 13(A) is the initial CCFG before CSSA transformation. Figure 13(B) is the one after CSSA transformation. The result of the constant propagation is given in Figure 13(C). In this figure, all t",NOTUTILIZE,figure for result of in algo on at algorithm,,figure algorithm,,,,,,,,,,result,algorithm,,,,,,,algorithm,figure algorithm,in of,MENTION,
10450620,11120884,"ing and randomization techniques: Many of the most successful approaches are based on computationallyintensive techniques such as randomization and resampling. For example, White’s bootstrap approac<cite> is based on resampling. Similarly, randomization tests have been employed in several knowledge discovery algorithms [3,1]. 5. CONCLUSIONS The panelists sometimes differed in background, perspective o",NOTUTILIZE,several of techniques differ algo some such as many most in approaches technique at for example for approach based on algorithms us on algorithm,,,several most many,,,,,,,,,,algorithms approaches,techniques,,,,,,,,for in of on,MENTION,
13719970,14721233,"lis Algorithm. The Metropolis algorithm is an example of a Markov chain Monte Carlo Algorithm; for background see, e.g., Smith and Roberts [22]; Tierney [23]; Gilks et al. [11]; Roberts and Rosenthal <cite>. The Metropolis Algorithm proceeds by starting all the 2M + N parameter values at 1. It then attempts, for each parameter in turn, to add an independent N (0; ,2) random variable to the parameter. It",NOTUTILIZE,for of in algo on e.g. at algorithm,,algorithm,,,,,,,,,,,algorithm,,,,,,,algorithm,algorithm,for in at of,MENTION,
15570702,16676627,"n. Another important feature of our method is its striking algorithmic simplicity with respect to most of the calibration techniques which use camera models of complexity comparable to ours (e.g. see <cite>). The high accuracy of our feature extractor and the ease of implementation of our multi-view rectification algorithm make up a powerful tool for the complete, reliable, and high-precision calibratio",NOTUTILIZE,of use our techniques algo model method we e.g. most accuracy in technique at for precision on us algorithm models extract,our,algorithm our,most,,,,,,,use,,accuracy,algorithm method,techniques models,,use,,,,algorithm,algorithm,for of,MENTION,use
16900492,18047282,"ce. For instance, Jansen [24] describes various positions in a game where you would need to consider your opponents strategy, Iida, et. al. suggested other potential applications of opponent modeling <cite>, and various other algorithms for opponent modeling have been suggested by Carmel and Markovitch [7], Korf [27], and Donkers et. al [28]. Results from Carmel and Markovitch give a strong indication o",NOTUTILIZE,for result of in us suggest describe on our algo model would describes algorithm algorithms for instance at here,,,,,,,would,,,,,,algorithms,,,,,describes,describes,,,for in of,MENTION,describes
17599420,18776620,"y up-to-date value estimates rather than to repeat laborious episodes of value iteration. This simple idea is elaborated in RL algorithms like prioritized sweeping (Moore & Atkeson, 1993) and Dyna-Q (<cite>). In fact, animals behaviorally exhibit characteristics of each sort of planning under circumstances to which that method is computationally well suited (Daw et al., 2005).sRepresentation and Timing",NOTUTILIZE,of in us idea on prior algo presentation present method algorithms we at algorithm,,,,,,,,,idea,,,,algorithms method,,,,,,,,,in of,MENTION,
19321404,20523995,"osed three schemes to rearrange load based on different capacities of nodes. Their basic idea is to move load from heavy nodes to light nodes by randomized probing. Based on this work, Godfrey et al. <cite> developed churn resilient algorithm (CRA) for dynamic DHTs with churn. In this work, when a node’s fraction of capacity used exceeds a predetermined threshold, its excess virtual nodes will be moved",NOTUTILIZE,for exceed of in based on idea use develop differ algo will when scheme on us schemes algorithm,,algorithm,,,,,will,,idea,,,,algorithm,schemes,,,,,,algorithm,algorithm,on for of when in,MENTION,
22072279,23147919,"ctories by changing only robot start times. Trajectory Planning: There is a large body of work on the time optimal control of a single manipulator. Bobrow, Dubowsky, and Gibson [5] and Shin and McKay <cite> developed algorithms to generate the time-optimal velocity profile of a manipulator along a specified path. Algorithms for minimum-time trajectory generation for a manipulator with dynamics and actua",NOTUTILIZE,for of in on develop algo algorithm algorithms at here,,,,,,,,,,,,,algorithms,,,,,,,,,for of on,NOTALGO,
22867826,23870791,"essed in the optimization formulation are the entropies of the estimated sources H^sk : 6.2. Optimization of MI Many existing ICA algorithms have assumed rough models for the signals’ PDFs (see Refs. <cite>) or used high-order cumulants instead of MI (see Ref. [4]). These approximations can sometimes lead to failure,as demonstrated in Ref. [2],as well as in our subsequent example. In contrast,robust sou",NOTUTILIZE,of use our algo some model can we many in formulation at for on us algorithms algorithm models contrast,our,our,many,,,,can,,,,,,algorithms,models,formulation,,,,,,,for in of,MENTION,
25978952,26722127,"th their discrepancy measures and applications have been discussed [4 15-21]. There are many computational problems ?? NP-hard or not ?? such as those in computer graphics [17], computational finance <cite>, linear algebra [23], linear and nonlinear optimization [24], and image processing [25], where QR sequence based algorithms are preferable for better numerical results. Satisfaction of statistical te",NOTUTILIZE,for result at measure in of problem on algo problems algorithm algorithms us such as many here,,,many,,,,,,,,,,algorithms,,problems,,,,,,,for in of,MENTION,
26714667,27409548,"an also be incorporated into our summarization algorithm, and present comparison to Wolf et al. [16] on one of their examples containing faces. Note that most existing summarization algorithms (e.g., <cite>) cannot exploit repetitiveness or redundancy of the visual data. This leads to significant scaling down or distortion of image patterns by these methods when the target size gets very small. Image/Vi",NOTUTILIZE,of significant in on our algo into when can present method algorithm algorithms methods e.g. at most,our,our,most,,,,,,,,significant,,algorithms methods,,,,,present,present,,,on when of into,MENTION,present
28045828,28754167,"quences in each dataset were first aligned using the multiple alignment program CLUSTAL W 1.5c [24], and the NJ trees were constructed using Mega 3 [33] based on the Kimura-2-parameter distance model <cite>. We also attempted to align the sequences using two other algorithms, MAFFT [25] and MUSCLE [26]. All the computation was performed using a 1.4 GHz notebook computer with 512 MB of RAM. Competing int",UTILIZE,for construct at in based on us of on algo constructed model algorithms we using algorithm,we,we,,,,,,,,,,,,model,,using,,constructed,,,,on in of,EXTEND,using constructed
28873450,29555008,"hen be strongly affected by their context. The use of genetic algorithms to explore the possible structures that perform a given functional task has in fact shown a wide variety of possible solutions <cite>. It is therefore of interest to address the issue of the functional role of the motifs in vivo, that is within the whole network, and examine the ensuing evolutionary constraints. In the following, w",NOTUTILIZE,for variety of in on following use structure algo shown show possible algorithm algorithms us structures at here,,,variety,,,,,possible,,use,,,algorithms,structures,,use,,,shown,,,in of,MENTION,shown use
30685591,31393671,"ampling ?{(xi k ,?i k )}Ni=1 = resampling{(xi k ,?i k )}Ni=1. 7) Set k := k +1, and iterate to Step 1. The “resampling” function in Steps 3 and 6 represents the standard residual resampling algorithm <cite>. A functional block diagram of the layered sampling PF is shown in Fig. 4. It shows one iteration cycle; data flow is also marked. It is pointed out in [37] that asymptotically, i.e., as the number o",NOTUTILIZE,fig. of in algorithm presents algo present shown shows on at show,,algorithm,,,,,,,,,,,algorithm,,,,,,shows shown,algorithm,algorithm fig.,in of,MENTION,shown shows
32605639,32959320,"e finite field, which is very small). It works very similarly to the original identification scheme based on a zero-knowledge proof system for GraphIsomorphism (GI) by Goldreich, Micali and Wigderson <cite>. One of the reasons for replacing GI by IP1S is the existence of efficient heuristic algorithms for GI, capable of solving efficiently random instances. The generation of hard instances of GI is a de",NOTUTILIZE,for of in based on on algo system scheme algorithms at algorithm,,,,,,,,,,,,,algorithms,scheme system,,,,,,,,for of on,MENTION,
34209454,34187159,"is represented as a log-transformed tf-idf (termfrequency ? inverse document-frequency) vector, as is typically done in the information retrieval community for comparing similarity between documents <cite>. Methods Compared. We compare PIC against two well-known methods—the standard k-means algorithm and Normalized Cuts [16]. k-means is an iterative algorithm with the objective of finding k cluster cen",NOTUTILIZE,for of typical us in typically presented on algo between compare present method methods we at algorithm,we,algorithm we,,typically,,,,,,,compare,,algorithm methods,,,,,,,algorithm,algorithm,between for in of,NOTALGO,
39785463,38329580,"e rest of this paper is organized as follows. Section 2 introduce some related work. In Section 3, we introduce our PTAS for MdHUWSPP. At last, we make the conclusion in Section 4. 2. Related Work In <cite>, we proved that MdHUWSPP is NP-complete and presented two constant factor approximation algorithms. When d = 1, MdHUWSPP is equal to the Unit Disk Covering Problem (UDCP) in [5], which presented a PT",NOTUTILIZE,of our algo some introduce we in at for this paper when on algorithms us algorithm problem presented present paper,we our,paper we our,some,,,,,,,,,,,,problem,,,introduce presented,introduce presented,,,at for of when in,MENTION,presented introduce
40856147,39365492,"and a recent algorithm for the same motion proposed by Chambolle in [8,9]. In these works, the author proposes an algorithm for implementing Almgren et al. discrete in time variational approximation <cite> to motion by mean curvature that entails the construction of the distance function to an interface at every time step; this step of his algorithm is identical to step (65) of the one presented in Sec",NOTUTILIZE,for proposed construct of in presented propose algo recent present on proposes at algorithm,,algorithm,,,recent,,,,,,,,algorithm,,,,,proposed proposes presented,presented,algorithm,algorithm,for in at of,MENTION,proposed presented proposes
41292180,39740356,"sed on their links. In the original paper, an iterative method for solving the eigenvalue problem is suggested that is called the “power method” (see also Langville and Meyer [31], Golub and Van Loan <cite>): Algorithm 1 Pseudocode of the power method, adapted from [35]. pi is the PageRank vector at iteration i, s the starting vector, ? the residual and ? the defined threshold where the iteration is ter",NOTUTILIZE,for of in problem suggest algo pseudocode adapted adapt paper method algorithm on we at here,,algorithm,,,,,,,,,,,algorithm method,,problem,,adapted,,,pseudocode algorithm,pseudocode algorithm,at on for of in,MENTION,adapted
41975874,40371258,"nant estimation results when the maximum reflectance is equal for the three channels. June 14, 2007 DRAFTIEEE TRANSACTIONS ON IMAGE PROCESSING, VOL. XX, NO. Y, DATE 105 Recently Finlayson and Trezzi <cite> showed that the Grey-World and the max-RGB algorithm are two different instantiations of a more general color constancy algorithm based on the Minkowski norm. Their method is called Shades of Grey an",NOTUTILIZE,for result of in based on differ showed algo recent when recently show method on we at algorithm,,algorithm,,,recently,,,,,,,,algorithm method,,,,,,showed,algorithm,algorithm,for when of on,MENTION,showed
44428123,43247260,"th an i.i.d. noise source. Therefore the original data (Fig. 1) may not be modelled as a simple random walk. It would be logical to continue this analysis with more sophisticated surrogate algorithms <cite>,[10]. However, for this short time series results of more sophisticated algorithms are not conclusive. Furthermore, as we have already noted, it would not be possible to apply the covariance as a dis",NOTUTILIZE,result fig. of our algo model apply we in possible at for analysis algorithms us on here algorithm may would,we,we,,,,,would may,possible,,apply,,,algorithms,,analysis,apply,,,,,,for of,MENTION,apply
51415057,51221686,"ve algorithm, and PSO. The discussion of the experiment’s results is also presented. Conclusions are drawn in Section 6. II. RELATED WORK The well-known partitioning algorithm is the Kmeans algorithm <cite> and its variants. The main drawback of the K-means algorithm is that the cluster result is sensitive to the selection of the initial cluster centroids and may converge to the local optimal and it gen",NOTUTILIZE,result of in us presented may algo present on we at algorithm,,algorithm,,,,,may,,,,,result,algorithm,,,,,,,algorithm,algorithm,in of,MENTION,
56909579,56236426,"h, then the expected number of collisions is small. Using a similar idea, Panconesi et al. [32] obtained a loose renaming algorithm with poly-logarithmic expected step complexity. Further work, e.g., <cite>, obtained a tight namespace and improved the complexity upper bounds. Recently, Alistarh et al. [4, 5] gave tight logarithmic bounds on the expected step 1complexity of adaptive renaming, extending",NOTUTILIZE,number of of extend in idea extending algo recent adapt recently on us e.g. using algorithm,,algorithm,,,,,,,,,,,algorithm,,,using,extending,,,algorithm,algorithm,on of,MENTION,extending using
56963367,56291089,"verall process of EU computation based on constrained saturation is shown in Figure 3, where a is the constraint and s is the set being saturated. The key differences from the saturation algorithm of <cite> are marked with a “?”. The new states found by applying a next-state function are guaranteed to satisfy a. Neither saturation nor constrained saturation improve the theoretical computational complexi",NOTUTILIZE,figure applying of show based on in differ algo apply shown algorithm on at here,,figure algorithm,,,,,,,,,,,algorithm,,,applying,,,shown,algorithm,figure algorithm,on in of,MENTION,applying shown
57985507,57243668,"ion of a strongly ? n-selective family. When the neighborhoods are known at every node, gossiping is accomplished by a selection of a global leader and application of a DFS method in time O(n log 3 n)<cite>. Thus the total cost of the algorithm is O(n log 3 n). the border bs?1 of M j i Theorem 3. Deterministic gossiping in undirected radio networks with large labels can be completed in O(n log 3 n) time",NOTUTILIZE,of in algo when can method on us at algorithm,,algorithm,,,,,can,,,,,,algorithm method,,,,,,,algorithm,algorithm,when in at of,NOTALGO,
58900410,58179128,"in time O(|A| 2 E ), and finite or polynomial ambiguity in time O(|A|3E ). The main idea behind our algorithms is to make use of the composition or intersection of finite automata with ?-transitions <cite>. The ?-filter used in these algorithms crucially helps in the analysis and test of the ambiguity. The algorithms presented in this paper would not be valid and would lead to incorrect results without",NOTUTILIZE,result of in idea presented use our algo on this paper would analysis present paper algorithms us at algorithm,our,paper our,,,,,would,,idea,use,,,algorithms,,analysis,use,,presented,presented,,,in of,MENTION,presented use
66143503,64909875,"one strategy similar to the one introduced by Li and Fukushima, [13]. So, Algorithm 1 has global convergence [10]. Besides that, with the choices EW1, EW2 and GLT the convergence rate is superlinear, <cite>, [10]. 5.1 Implementation features We give now more details about the implementation of the algorithms. The implementation details can be found in [31], pages 26 and 49. All the tests were performed",NOTUTILIZE,for introduced of in us on algo similar to introduce can algorithms we at algorithm,we,algorithm we,,,,,can,,,,,,algorithm,,,,,,introduced,algorithm,algorithm,in of,MENTION,introduced
69416792,68271233,"ed by iteration. It is clear that the emission of n photons corresponds to n iterations. Hence it is possible to regard the process as a stochastic mechanism suggesting the following shower algorithm <cite>. (a) Set xb = 1. The variable xb is the fraction of the light-cone momentum of the virtual electron that annihilates. (b) Choose a random number ?. If it is smaller than ?(Q 2 ,Q 2 s), then the evolu",NOTUTILIZE,of in suggest following algo mechanism show possible on we at algorithm,,algorithm,,,,,,possible,following,,,,algorithm,mechanism,,,,,,algorithm,algorithm,of,MENTION,
71390126,70511540,"d in various types of image registration applications; e.g., registration for stereo vision [12], alignment with multiresolution tangentdistance for image analysis [22], biomedical image registration <cite>. The hierarchical search strategy has proved useful in motion estimation, since it accelerates the algorithm and leads to better solutions with reduced sensitivity to local minima [21], [2], [5]. It",NOTUTILIZE,for of in use algo analysis on us e.g. at algorithm,,algorithm,,,,,,,,,,,algorithm,,analysis,,,,,algorithm,algorithm,for in of,NOTALGO,
73843019,72683860,"d then compute PageRank for G (pages in ? retain their rank). This algorithm has been shown to be both fast and to provide high-quality approximations for a variety of real and synthesized web crawls <cite>. Figure 5.8 shows high-level pseudocode for the PageRank translator. Internally, the translator acts as a per-node event handler, using the presence of records on each loopback flow as an indication",NOTUTILIZE,figure for variety at of in us algo pseudocode show shown shows on we using algorithm,,figure algorithm,variety,,,,,,,,,,algorithm,,,using,,,shows shown,pseudocode algorithm,pseudocode figure algorithm,for in of on,MENTION,shown shows using
78390341,76419942,"regard, it is interesting to note that human listeners much prefer non-stationary backgrounds, performing at a significantly lower level when the background is stationary (Bronkhorst and Plomp, 1992; <cite>). Second, behavioural data for this task was already available (Cooke et al., 2008), enabling human-algorithm comparisons. Further, the task focuses on the lower levels of speech processing, making f",NOTUTILIZE,for focuses of significant us in use our algo focus can uses when on we at algorithm,,,,,,,,,,,,,,,,,,,focuses,,,at on for of when,NOTALGO,focuses
80558096,78328903,"ng PR configured to perform kNearest Neighbours (k-NN) classification using an implementation from Weka[4]. Whilst space constraints preclude full details of the implementation (which can be found in <cite>) the algorithm is configured to use the following features for learning: POS tags both 1-gram and 2-gram, emoticons, hashtags and the language of the tweet. Whilst it may seem strange that the words",NOTUTILIZE,figure for learning at of in us following use our may algo can classification on we using algorithm,,algorithm,,,,,may can,,following,use,,,algorithm,,classification,use using,,,,algorithm,algorithm,for in of,MENTION,use using
31836129,32352990,"1)),Luv2,u)); When L 1 uv = L2 uv , however, the ?u and ?u operations are best performed using the companion matrix formulation in Table 5. The software implementation of the operations in Table 5 in <cite> uses the companion matrix formulation when L 1 uv = L2 uv and the resultant formulation otherwise. Thus far we have established our ability to encode algebraic distribution as solutions of bivariate",NOTUTILIZE,for result at of in us use our formulation when table uses on we using,we our,table we our,,,,,,,,,,,,,formulation,uses using,,,,,table,when in of,NOTALGO,uses using
1471700,1558904,"f the mark phase of several GC invocations through the execution of parallel application programs. We use three parallel application programs: BH, Cube, CKY. They are written by using StackThreads/MP <cite>, a fine-grain thread library for C/C++. BH simulates the motion of several particles by using the Barnes-Hut algorithm. Our BH implementation is not completely parallelized; only one thread creates t",UTILIZE,for several at of in us use our algo on we using algorithm,we our,we our,several,,,,,,,use,,,,,,use using,,,,,,for of,USE,use using
10760044,11464370,"ready addressed, and can instead focus on problems unique to that community. Using XML also provides a common basis for interoperability that can easily leverage techniques such as semantic mediation <cite> and XSLT [24], and assist with automated provenance management. Finally, by building libraries for formats such as netCDF, HDF5, GRIB, and others on a common BXSA implementation, they can avoid dupli",NOTUTILIZE,for at in problem techniques common technique focus can problems on us such as using,,,,common,,,can,,,,,,,techniques,problems,using,,,focus,,,for on,MENTION,focus using
15413774,16512495,We use a seed segmentation technique [18] taking into account colour and texture based on the interactive graph cut method [15]. The core of the segmentation method is based on an efficient algorithm <cite> for finding the min-cut/max-flow in a graph. At first we very briefly outline the boundary detection and then the construction and segmentation of the graph representing an image. 2.1 Boundary Detect,UTILIZE,for construct of in based on us use our algo into technique outline present method on we at algorithm,we,algorithm we,,,,,,,,use,,,algorithm method,technique,,use,,,outline,algorithm,algorithm,at on for of into in,EXTEND,use outline
10799054,11509844,. 4. Related Work Our work extends earlier work on Model-Integrated Computing (MIC) [14] that focused on modeling and synthesizing embedded software. Examples of MIC technology used today include GME <cite> and Ptolemy [15] (used primarily in the real-time and embedded domain) and Model Driven Architecture (MDA) based on UML and XML (which have been used primarily in the business domain). Our work combi,NOTUTILIZE,extends of extend based on in use our model focus focused on us at,our,our,,,,,,,,,,,,model,,,extends,,focused,,,on in of,MENTION,extends focused
24060871,24963690,ata and others [35] present several transformations on untimed Petri nets that preserve the safety properties of the original net. We have extended these transformations and developed others for TPNs <cite>. Two example safe transformations are shown in Figures 2 and 3. More information on safe transformations can be found in [29]. If our method is working on a net ? and finds a portion of the net that,NOTUTILIZE,figure for several of extend in develop our extended can present shown method on we at show,we our,we our,several,,,,can,,,,,,method,,,,extended,present,present shown,,,for in of on,MENTION,shown extended present
65770109,64541337,"s likelihood, residual mutual information, or computational time demand. Our reformulation of MAR models follows and extends in some parts earlier work, such as Principal Oscillation Pattern analysis <cite>, Singular Spectrum Analysis [9, 35] and the Dynamic Linear Model approach of West and coworkers [36, 37, 38]; while the latter authors have explored Bayesian extensions, here we prefer to focus on de",NOTUTILIZE,extends authors of our some model focus we such as extend in formulation at for approach analysis on us here models extension reformulation,authors we our,here we our,some,,,,,,,,,,approach,models model,analysis reformulation,,extends,,focus,,,on in of,NOTALGO,extends focus
77454360,75640419,"res have separate test sources/sinks on-chip (e.g., BIST engine) and do not utilize TAMs for test data transfer (e.g., memory BIST). Again, we adapt the constraint-driven test scheduling algorithm in <cite> in our test scheduler, denoted as combined algorithm as shown in Fig. 5. Before describing the details of the scheduling process, let us introduce the terms used in the algorithm first. Current Time",UTILIZE,for fig. of in us use our algo adapt introduce show shown on we e.g. at algorithm,we our,us algorithm we our,,,,,,,,,,,algorithm,,,,adapt,introduce,introduce shown,algorithm,algorithm fig.,for in of,USE,shown adapt introduce
86026749,82872007,"d 3.9 can be used to show a pattern is inertially arbitrary. 4. Generalizations of the nilpotent-centralizer method. In this section, we extend the nilpotent-centralizer method, recently developed in <cite> for showing that a pattern is spectrally arbitrary, to give other techniques to show that a pattern is inertially arbitrary. Recall that the index of a nilpotent matrix A is the smallest positive int",UTILIZE,index for of extend us in use techniques develop recent technique can recently method on we at show,we,we,,,recently,,can,,,extend,,,,techniques,index,,extend,,show,,,for in of,EXTEND,extend show
107822405,99766718,"r work as contributing, at multiple levels, to theory, pedagogy, methodology, and practice. In the realm of theory, we have extended previous discussions of TPCK (Hughes, 2005; Keating & Evans, 2001; <cite>; Margerum-Leys & Marx, 2002; Zhao, 2003) and put them on firmer ground. In the area of pedagogy, we provide additional support to the use of authentic design-based activities for 1046 Teachers Colleg",NOTUTILIZE,for of extend us in use methodology extended previous method on we at,we,we,,,previous,,,,,use,,,,,,use,extended,,,,,at on for of in,NOTALGO,extended use
58631221,57919360,"cience then gradually comes to deal more and more with idealizations and abstractions of the world rather than with the world itself and with the everyday practical concerns of people (Husserl, 1931; <cite>a). To compensate, Husserl conceived of a science built directly around the phenomena of experience; phenomenology. Phenomenology hence takes off not from hypothetical concepts or theoretical systems",NOTUTILIZE,of idea system systems on us at,,,,,,,,,,,,,,systems,,,,,,,,of,NOTALGO,
218163511,187228357,"Zoologia, UniversidadesFederal do Rio Grande do Sul (UFRGS), PortosAlegre, Brazil. All material was collected by R.sAndrade et al. as in labels.sSystematics Scleropactidae Verhoeff, 1938 Circoniscus <cite> Circoniscus buckupi sp. nov. Figs. 1-3, 7 Types: Holotype: Male, Brazil, Par",NOTUTILIZE,in system material on us at,,,,,,,,,,,,,,,material,,,,,,,in,NOTALGO,
141187792,125098321,"annel states. In 1999, Torres andsco-workers obtained evidence that the transmembrane regions participate in the homo/hetero-oligomericsassociation that is believed to be important for pore formation <cite>. The TM2 segment has beensidentified as responsible for ion permeation and trimerization because the region spanning residues 304sto 362 in this segment is critical for that association.sRecently, Ro",NOTUTILIZE,for in use recent recently on us at,,,,,,,,,,,,,,,,,,,,,,for in,NOTALGO,
202916627,240987223,":7+22:6 576:4+30:1 0:0046+0:0032 0:3845+0:0348 200 987:0+20:1 644:9+26:5 0:0030+0:0016 0:3802+0:0322 For each value of n, 1000 structures were sampled, by applying the DingLawrence sampling algorithm <cite>, as implemented in RNASUBOPT with flag -p, and by applying RNALOCOPT. For each run, the number of non-redundant samples is computed, yielding the expected number SnrT+e for RNASUBOPT and RNALOCOPT, w",UTILIZE,number of applying for of in structure algo run apply on we structures algorithm,,algorithm,,,,,,,,,,,algorithm,structures,,applying,,,,algorithm,algorithm,for in of,USE,applying
203001569,241111604,"r. The first item candi[1](=A[1][i]) is the largest candidate produced from sum[i]. We first produce n samples of cand1[1]...candn[1] and let them be elements of a list sample. sample = {A[1][1], A[1]<cite> . . . , A[1][n]} We then select the K-th largest value KthSample by a linear time selection algorithm [20]. It is easily observed that if sample[i], the largest element in the i-th column, is smaller",UTILIZE,of in algo can on we at algorithm,we,algorithm we,,,,,,,,,,,algorithm,,,,,,,algorithm,algorithm,in of,USE,
202836028,240871341,"ficient k1=0.2 k2=0.6 k3=0.8 k4=0.01 k5=0.1 k6=0.11.sResults and analysis:In this paper, the performance and efficiency of new algorithm is comparedswith the genetic algorithm presented in literature <cite> and simulated annealing algorithm whichspresented in literature [13]. Because all sorts of algorithm adopts different strategy, efficiency ofsalgorithm can't simply evaluated by genetic algebra, so e",UTILIZE,result of use differ algo can performance in compare at for this paper analysis us algorithm presented evaluate present paper,,algorithm,,,,,,,,,,performance,algorithm,,,,,presented,presented,algorithm,algorithm,in of,USE,presented
202614833,240553246," on the 124 lattice, and used an input for finite temperature simulations. To generate configurations with mass degenerate dynamical vours, we have used the rational hybrid Monte Carlo algorithm HMC) <cite>, which allows to simulate an arbitrary number of vours through varying the number of pseudo-fermions. Simutions for N f = 6 have been performed by using two pseudormions, and subsets of trajectories ",UTILIZE,number of for at of in us use our algo on we using algorithm,we,algorithm we,,,,,,,,,,,algorithm,,,using,,,,algorithm,algorithm,for of on,USE,using
202514656,240409116,"ttern term. We compute an approximation of the product of the inverse Hessian with the gradient in equation 4 with the limited-memory Broyden-Fletcher-Goldfard-Shanno (L-BFGS) quasi-Newton algorithm (<cite>). As an initial guess of the inverse of the Hessian, we use a diagonal approximation of the approximate Hessian (the linear term) at the first iteration damped by the ? matrix and smoothed by W??1m ,",UTILIZE,of in us use algo equation on we at algorithm,we,algorithm we,,,,,,,,use,,,algorithm,,equation,use,,,,algorithm,algorithm,in at of,USE,use
202316566,240128263,"hich means that both W s(0) and W u(0) are invariant under point rotation by  about the origin. 4 Visualization of the manifolds Both W s(0) and W u(0) were computed using the algorithm described in <cite>. This algorithm grows the manifold starting from a small disc centered at the origin and contained in the two-dimensional linear eigenspace associated with the stable or unstable eigenvalues, respect",UTILIZE,described at of in us describe algo table on we using algorithm,,algorithm,,,,,,,,,,,algorithm,,,using,,,described,algorithm,algorithm,in at of,USE,described using
202224950,239997541,sharmonic models of the surfaces were then aligned using 12sdegrees of freedom to a common template model comprisedsof an average of 40 healthy controls from the QTIM samplesusing the SHREC algorithm <cite>. A translation and rotationsmatrix for a given mesh to the common template usingsSHREC matches landmarks on the surface of an object tossimilar points on the template (a solution is found bysminimizi,UTILIZE,translation for at of models us in algo common model on we using algorithm,,algorithm,,common,,,,,,,,,algorithm,models model,translation,using,,,,algorithm,algorithm,for of on,USE,using
202207750,239973858,"ations of the cube (where the wave fibers are parallel to the slab surface) were almost identical, and an average of the two was generated. A least-squares algorithm was then used to fit Eqs. (3) and <cite> simultaneously to the histogram for the longitudinal orientation (fibers perpendicular to the slab surface) and the average histogram for the lateral orientation, respectively. The invalidity of the ",UTILIZE,for of in us use algo here algorithm on we at most,,algorithm,,,,,,,,,,,algorithm,,,,,,,algorithm,algorithm,for of,USE,
201811564,239401532,"sistent clusters, thus revealing the intuitive structure of f . merging these basins according to the persistence information, as illustrated in Figure 1 (right). Our algorithms are based on variants <cite> of the celebrated persistence algorithm. They can be easily implemented, they have reasonable complexities, and they are provably correct for the most part. To illustrate the versatility of the appro",UTILIZE,figure for of in based on on our structure algo can algorithm algorithms us at most,our,figure our,most,,,,can,,,,,,algorithms,structure,,,,,,,figure,for in of on,USE,
201695836,239233183,"r departure runway scheduling in Step 2, any algorithms introduced in Section 1.3.1 can be adopted. In this thesis, we will use the dynamic programming-based algorithm proposed by Balakrishnan et al. <cite> because of its good computational performance and fairness in takeoff order. Constrained Position Shifting (CPS) This algorithm introduces Constrained Position Shifting (CPS), first proposed by Dear ",UTILIZE,of way use algo introduce can propose we performance in introduces at for will run algorithms us on algorithm proposed introduced,we,algorithm we,,,,,will can,,,use,,performance,algorithms algorithm,,,use,,proposed introduces,introduces introduced,algorithm,algorithm,in of,USE,proposed introduced use introduces
201670250,239199669,"exists many trial routing algorithms in VLSI routing technology [4], and in this paper we use the network-flow based algorithm, which is typically used for escape routing, as our trial routing method <cite>. A successful trial route represents the routing paths of N ? are permissible while an unsuccessful trial route reveals that the routing paths of N ? blocks that of other electrode groups. Therefore,",UTILIZE,of use our algo method we many typical in presents at for this paper algorithms us here algorithm typically present paper,we our,paper we our,many,typically,,,,,,use,,,algorithms method,,,use,,,,,,for in of,USE,use
